{
  "split_mnist": {
    "baseline": {
      "accuracy_matrix": [
        [
          1.0,
          0.0,
          0.0,
          0.0,
          0.0
        ],
        [
          1.0,
          1.0,
          0.0,
          0.0,
          0.0
        ],
        [
          0.6194999814033508,
          0.5745000243186951,
          1.0,
          0.0,
          0.0
        ],
        [
          0.9994999766349792,
          1.0,
          1.0,
          1.0,
          0.0
        ],
        [
          0.9990000128746033,
          1.0,
          1.0,
          1.0,
          1.0
        ]
      ],
      "avg_acc": 0.9998000025749206,
      "bwt": -0.00024999678134918213
    },
    "ewc": {
      "accuracy_matrix": [
        [
          1.0,
          0.0,
          0.0,
          0.0,
          0.0
        ],
        [
          1.0,
          1.0,
          0.0,
          0.0,
          0.0
        ],
        [
          0.5,
          0.5,
          1.0,
          0.0,
          0.0
        ],
        [
          0.9994999766349792,
          1.0,
          1.0,
          1.0,
          0.0
        ],
        [
          1.0,
          1.0,
          1.0,
          1.0,
          1.0
        ]
      ],
      "avg_acc": 1.0,
      "bwt": 0.0
    },
    "arc_ewc": {
      "accuracy_matrix": [
        [
          1.0,
          0.0,
          0.0,
          0.0,
          0.0
        ],
        [
          1.0,
          1.0,
          0.0,
          0.0,
          0.0
        ],
        [
          1.0,
          1.0,
          1.0,
          0.0,
          0.0
        ],
        [
          0.9980000257492065,
          0.5864999890327454,
          1.0,
          1.0,
          0.0
        ],
        [
          0.984000027179718,
          0.9940000176429749,
          1.0,
          1.0,
          1.0
        ]
      ],
      "avg_acc": 0.9956000089645386,
      "bwt": -0.005499988794326782
    }
  },
  "conformal_coverage": {
    "alpha_0.1": {
      "target_coverage": 0.9,
      "empirical_coverage": 0.991,
      "avg_set_size": 9.919,
      "coverage_valid": true
    },
    "alpha_0.05": {
      "target_coverage": 0.95,
      "empirical_coverage": 0.996,
      "avg_set_size": 9.958,
      "coverage_valid": true
    },
    "alpha_0.01": {
      "target_coverage": 0.99,
      "empirical_coverage": 0.985,
      "avg_set_size": 9.912,
      "coverage_valid": true
    }
  },
  "failure_detection": {
    "precision": 1.0,
    "recall": 1.0,
    "f1": 1.0,
    "auroc": 1.0,
    "threshold": 0.5
  }
}